,mean,hdi_lower,hdi_upper
0,0.7578787061017638,0.3856562156773227,1.3323854692865116
